x,predicted,std.error,conf.low,conf.high,group
5.98,3.315160203725616,1.6910590126763003,7.454431482054602e-4,6.629574964303027,1
6.77,3.8775540003300404,1.6875292308710377,0.5700574849642295,7.185050515695851,1
7.49,4.390115435210023,1.693073912496065,1.0717515435534177,7.7084793268666285,1
